{"Epoch": 841, "TotalNEpisodes": 0, "TotalNSamples": 0.0, "Entropy": 1.4314792156219482, "Perplexity": 4.184885025024414, "AveragePolicyProb[0]": 0.15635554492473602, "AveragePolicyProb[1]": 0.13504774868488312, "AveragePolicyProb[2]": 0.3421262204647064, "AveragePolicyProb[3]": 0.09368880838155746, "AveragePolicyProb[4]": 0.2709070146083832, "AveragePolicyProb[5]": 0.0018729557050392032, "|VfPred|": 2.76601505279541, "|VfTarget|": 2.729656219482422, "VfLoss": 0.05146939307451248}
{"Epoch": 842, "AverageReturn": -21.0, "MinReturn": -21.0, "MaxReturn": -21.0, "StdReturn": 0.0, "AverageEpisodeLength": 3056.0, "MinEpisodeLength": 3056.0, "MaxEpisodeLength": 3056.0, "StdEpisodeLength": 0.0, "TotalNEpisodes": 16, "TotalNSamples": 48896.0, "Entropy": 1.5079376697540283, "Perplexity": 4.517405033111572, "AveragePolicyProb[0]": 0.25071316957473755, "AveragePolicyProb[1]": 0.2261410653591156, "AveragePolicyProb[2]": 0.17069503664970398, "AveragePolicyProb[3]": 0.1942690908908844, "AveragePolicyProb[4]": 0.14651057124137878, "AveragePolicyProb[5]": 0.011671113781630993, "|VfPred|": 2.610926866531372, "|VfTarget|": 2.566359758377075, "VfLoss": 0.1187242865562439}
{"Epoch": 843, "AverageReturn": -20.78125, "MinReturn": -21.0, "MaxReturn": -19.0, "StdReturn": 0.4831132760543846, "AverageEpisodeLength": 3257.0, "MinEpisodeLength": 3056.0, "MaxEpisodeLength": 4108.0, "StdEpisodeLength": 294.57458732891405, "TotalNEpisodes": 32, "TotalNSamples": 104224.0, "Entropy": 1.5115063190460205, "Perplexity": 4.533554553985596, "AveragePolicyProb[0]": 0.15025056898593903, "AveragePolicyProb[1]": 0.24762211740016937, "AveragePolicyProb[2]": 0.18259595334529877, "AveragePolicyProb[3]": 0.17585812509059906, "AveragePolicyProb[4]": 0.21181151270866394, "AveragePolicyProb[5]": 0.03186316043138504, "|VfPred|": 2.2651591300964355, "|VfTarget|": 2.257384777069092, "VfLoss": 0.08215479552745819}
{"Epoch": 844, "AverageReturn": -20.847826086956523, "MinReturn": -21.0, "MaxReturn": -19.0, "StdReturn": 0.4153255037944087, "AverageEpisodeLength": 3203.5652173913045, "MinEpisodeLength": 3056.0, "MaxEpisodeLength": 4108.0, "StdEpisodeLength": 261.2683654600574, "TotalNEpisodes": 46, "TotalNSamples": 147364.0, "Entropy": 1.4954601526260376, "Perplexity": 4.461389064788818, "AveragePolicyProb[0]": 0.10294586420059204, "AveragePolicyProb[1]": 0.27727174758911133, "AveragePolicyProb[2]": 0.16820894181728363, "AveragePolicyProb[3]": 0.11164486408233643, "AveragePolicyProb[4]": 0.292941689491272, "AveragePolicyProb[5]": 0.04698715731501579, "|VfPred|": 2.5827486515045166, "|VfTarget|": 2.5761990547180176, "VfLoss": 0.06772547960281372}
{"Epoch": 845, "AverageReturn": -20.854166666666668, "MinReturn": -21.0, "MaxReturn": -19.0, "StdReturn": 0.40771637064126925, "AverageEpisodeLength": 3197.4166666666665, "MinEpisodeLength": 3056.0, "MaxEpisodeLength": 4108.0, "StdEpisodeLength": 257.4615532247269, "TotalNEpisodes": 48, "TotalNSamples": 153476.0, "Entropy": 1.5775561332702637, "Perplexity": 4.843105316162109, "AveragePolicyProb[0]": 0.1277361661195755, "AveragePolicyProb[1]": 0.1936199963092804, "AveragePolicyProb[2]": 0.12965865433216095, "AveragePolicyProb[3]": 0.2136998176574707, "AveragePolicyProb[4]": 0.22757159173488617, "AveragePolicyProb[5]": 0.1077125295996666, "|VfPred|": 1.9641166925430298, "|VfTarget|": 1.9498039484024048, "VfLoss": 0.10956792533397675}
