{"Iteration": 0, "ExpectedImprovement": 0.0060147386975586414, "ActualImprovement": 0.00481147738173604, "ImprovementRatio": 0.7999478653476667, "MeanKL": 0.00838756188750267, "Entropy": 1.4189382791519165, "Perplexity": 4.132730484008789, "AveragePolicyStd": 1.0, "AveragePolicyStd[0]": 1.0, "AverageReturn": -1125.3833672603125, "MinReturn": -1816.024281347436, "MaxReturn": -843.094290960602, "StdReturn": 189.12951478507614, "AverageEpisodeLength": 200.0, "MinEpisodeLength": 200.0, "MaxEpisodeLength": 200.0, "StdEpisodeLength": 0.0, "TotalNEpisodes": 48, "TotalNSamples": 9600.0, "ExplainedVariance": -0.0010831812994234191}
{"Iteration": 1, "ExpectedImprovement": 0.004278802871704102, "ActualImprovement": 0.005283957605063838, "ImprovementRatio": 1.2349149431507735, "MeanKL": 0.006631812080740929, "Entropy": 1.4202097654342651, "Perplexity": 4.137988567352295, "AveragePolicyStd": 1.0012719631195068, "AveragePolicyStd[0]": 1.0012719631195068, "AverageReturn": -1159.625343832757, "MinReturn": -1816.024281347436, "MaxReturn": -843.094290960602, "StdReturn": 186.4548188455797, "AverageEpisodeLength": 200.0, "MinEpisodeLength": 200.0, "MaxEpisodeLength": 200.0, "StdEpisodeLength": 0.0, "TotalNEpisodes": 96, "TotalNSamples": 19200.0, "ExplainedVariance": 0.09933437434208692}
{"Iteration": 2, "ExpectedImprovement": 0.007222660351544619, "ActualImprovement": 0.00789437536150217, "ImprovementRatio": 1.0930010518650377, "MeanKL": 0.009916774928569794, "Entropy": 1.464284896850586, "Perplexity": 4.32444953918457, "AveragePolicyStd": 1.0463906526565552, "AveragePolicyStd[0]": 1.0463906526565552, "AverageReturn": -1157.1149889953003, "MinReturn": -1618.47316980075, "MaxReturn": -893.1221270951099, "StdReturn": 164.1305179750044, "AverageEpisodeLength": 200.0, "MinEpisodeLength": 200.0, "MaxEpisodeLength": 200.0, "StdEpisodeLength": 0.0, "TotalNEpisodes": 144, "TotalNSamples": 28800.0, "ExplainedVariance": 0.20071414799345277}
{"Iteration": 3, "ExpectedImprovement": 0.004453746601939201, "ActualImprovement": 0.004037890583276749, "ImprovementRatio": 0.906627822408804, "MeanKL": 0.00946136936545372, "Entropy": 1.5089396238327026, "Perplexity": 4.521933078765869, "AveragePolicyStd": 1.0941753387451172, "AveragePolicyStd[0]": 1.0941753387451172, "AverageReturn": -1102.425938637732, "MinReturn": -1609.8594888291343, "MaxReturn": -757.5634979603399, "StdReturn": 167.41470994643223, "AverageEpisodeLength": 200.0, "MinEpisodeLength": 200.0, "MaxEpisodeLength": 200.0, "StdEpisodeLength": 0.0, "TotalNEpisodes": 192, "TotalNSamples": 38400.0, "ExplainedVariance": 0.29394399899859847}
{"Iteration": 4, "ExpectedImprovement": 0.005097883939743042, "ActualImprovement": 0.005188574083149433, "ImprovementRatio": 1.0177897622775152, "MeanKL": 0.0073328702710568905, "Entropy": 1.5208340883255005, "Perplexity": 4.576040267944336, "AveragePolicyStd": 1.1072674989700317, "AveragePolicyStd[0]": 1.1072674989700317, "AverageReturn": -1056.0486415660614, "MinReturn": -1609.8594888291343, "MaxReturn": -733.5819327541728, "StdReturn": 154.20857575069346, "AverageEpisodeLength": 200.0, "MinEpisodeLength": 200.0, "MaxEpisodeLength": 200.0, "StdEpisodeLength": 0.0, "TotalNEpisodes": 240, "TotalNSamples": 48000.0, "ExplainedVariance": 0.3258457058208578}
{"Iteration": 5, "ExpectedImprovement": 0.005519450642168522, "ActualImprovement": 0.005050011910498142, "ImprovementRatio": 0.9149482870480126, "MeanKL": 0.009114979766309261, "Entropy": 1.5064011812210083, "Perplexity": 4.51046895980835, "AveragePolicyStd": 1.0914019346237183, "AveragePolicyStd[0]": 1.0914019346237183, "AverageReturn": -1031.0524697690178, "MinReturn": -1352.9306898883667, "MaxReturn": -733.5819327541728, "StdReturn": 129.45217022466557, "AverageEpisodeLength": 200.0, "MinEpisodeLength": 200.0, "MaxEpisodeLength": 200.0, "StdEpisodeLength": 0.0, "TotalNEpisodes": 288, "TotalNSamples": 57600.0, "ExplainedVariance": 0.3976226699351747}
{"Iteration": 6, "ExpectedImprovement": 0.008496399968862534, "ActualImprovement": 0.007734405242652009, "ImprovementRatio": 0.9103155773029672, "MeanKL": 0.009630071930587292, "Entropy": 1.5361862182617188, "Perplexity": 4.646834373474121, "AveragePolicyStd": 1.1243979930877686, "AveragePolicyStd[0]": 1.1243979930877686, "AverageReturn": -1041.493587427762, "MinReturn": -1352.9306898883667, "MaxReturn": -746.6827905755192, "StdReturn": 128.34369771135565, "AverageEpisodeLength": 200.0, "MinEpisodeLength": 200.0, "MaxEpisodeLength": 200.0, "StdEpisodeLength": 0.0, "TotalNEpisodes": 336, "TotalNSamples": 67200.0, "ExplainedVariance": 0.4177068657648636}
{"Iteration": 7, "ExpectedImprovement": 0.007797082886099815, "ActualImprovement": 0.007970438596606177, "ImprovementRatio": 1.0222334061390332, "MeanKL": 0.009927281178534031, "Entropy": 1.5504041910171509, "Perplexity": 4.713375091552734, "AveragePolicyStd": 1.1404989957809448, "AveragePolicyStd[0]": 1.1404989957809448, "AverageReturn": -1018.6955292810708, "MinReturn": -1332.7154486560157, "MaxReturn": -764.1134807067962, "StdReturn": 123.59778642414256, "AverageEpisodeLength": 200.0, "MinEpisodeLength": 200.0, "MaxEpisodeLength": 200.0, "StdEpisodeLength": 0.0, "TotalNEpisodes": 400, "TotalNSamples": 80000.0, "ExplainedVariance": 0.5744041289484412}
{"Iteration": 8, "ExpectedImprovement": 0.007624237332493067, "ActualImprovement": 0.006451154206693399, "ImprovementRatio": 0.8461376430662504, "MeanKL": 0.007603237871080637, "Entropy": 1.5512349605560303, "Perplexity": 4.717292308807373, "AveragePolicyStd": 1.1414469480514526, "AveragePolicyStd[0]": 1.1414469480514526, "AverageReturn": -1001.9321600945486, "MinReturn": -1316.12044118102, "MaxReturn": -764.1134807067962, "StdReturn": 114.05266778746537, "AverageEpisodeLength": 200.0, "MinEpisodeLength": 200.0, "MaxEpisodeLength": 200.0, "StdEpisodeLength": 0.0, "TotalNEpisodes": 448, "TotalNSamples": 89600.0, "ExplainedVariance": 0.8098555818003599}
{"Iteration": 9, "ExpectedImprovement": 0.007888243533670902, "ActualImprovement": 0.007824978891014744, "ImprovementRatio": 0.9919798821643737, "MeanKL": 0.009856442920863628, "Entropy": 1.5565807819366455, "Perplexity": 4.74257755279541, "AveragePolicyStd": 1.1475646495819092, "AveragePolicyStd[0]": 1.1475646495819092, "AverageReturn": -979.0517077008622, "MinReturn": -1316.12044118102, "MaxReturn": -656.7028869213057, "StdReturn": 113.50459136591061, "AverageEpisodeLength": 200.0, "MinEpisodeLength": 200.0, "MaxEpisodeLength": 200.0, "StdEpisodeLength": 0.0, "TotalNEpisodes": 496, "TotalNSamples": 99200.0, "ExplainedVariance": 0.851016830478174}
{"Iteration": 10, "ExpectedImprovement": 0.007735837996006013, "ActualImprovement": 0.007185149937868118, "ImprovementRatio": 0.9288133931421246, "MeanKL": 0.0066026425920426846, "Entropy": 1.5647977590560913, "Perplexity": 4.781707763671875, "AveragePolicyStd": 1.1570332050323486, "AveragePolicyStd[0]": 1.1570332050323486, "AverageReturn": -916.6812792146679, "MinReturn": -1285.2000939842155, "MaxReturn": -612.0995478774023, "StdReturn": 135.99720738762838, "AverageEpisodeLength": 200.0, "MinEpisodeLength": 200.0, "MaxEpisodeLength": 200.0, "StdEpisodeLength": 0.0, "TotalNEpisodes": 544, "TotalNSamples": 108800.0, "ExplainedVariance": 0.7856696399599961}
{"Iteration": 11, "ExpectedImprovement": 0.007193610817193986, "ActualImprovement": 0.007102148457617474, "ImprovementRatio": 0.9872856119269199, "MeanKL": 0.006729940418154001, "Entropy": 1.5485574007034302, "Perplexity": 4.704678535461426, "AveragePolicyStd": 1.1383943557739258, "AveragePolicyStd[0]": 1.1383943557739258, "AverageReturn": -876.1434861787417, "MinReturn": -1285.2000939842155, "MaxReturn": -612.0995478774023, "StdReturn": 141.77461951308342, "AverageEpisodeLength": 200.0, "MinEpisodeLength": 200.0, "MaxEpisodeLength": 200.0, "StdEpisodeLength": 0.0, "TotalNEpisodes": 592, "TotalNSamples": 118400.0, "ExplainedVariance": 0.7260243714382413}
{"Iteration": 12, "ExpectedImprovement": 0.00762958973646164,